{
  "methodConfig": [
    {
      "name": [
        {
          "service": "google.ads.googleads.v3.services.AccountBudgetProposalService"
        },
        {
          "service": "google.ads.googleads.v3.services.AccountBudgetService"
        },
        {
          "service": "google.ads.googleads.v3.services.AdGroupAdAssetViewService"
        },
        {
          "service": "google.ads.googleads.v3.services.AdGroupAdLabelService"
        },
        {
          "service": "google.ads.googleads.v3.services.AdGroupAdService"
        },
        {
          "service": "google.ads.googleads.v3.services.AdGroupAudienceViewService"
        },
        {
          "service": "google.ads.googleads.v3.services.AdGroupBidModifierService"
        },
        {
          "service": "google.ads.googleads.v3.services.AdGroupCriterionLabelService"
        },
        {
          "service": "google.ads.googleads.v3.services.AdGroupCriterionService"
        },
        {
          "service": "google.ads.googleads.v3.services.AdGroupCriterionSimulationService"
        },
        {
          "service": "google.ads.googleads.v3.services.AdGroupExtensionSettingService"
        },
        {
          "service": "google.ads.googleads.v3.services.AdGroupFeedService"
        },
        {
          "service": "google.ads.googleads.v3.services.AdGroupLabelService"
        },
        {
          "service": "google.ads.googleads.v3.services.AdGroupService"
        },
        {
          "service": "google.ads.googleads.v3.services.AdGroupSimulationService"
        },
        {
          "service": "google.ads.googleads.v3.services.AdParameterService"
        },
        {
          "service": "google.ads.googleads.v3.services.AdScheduleViewService"
        },
        {
          "service": "google.ads.googleads.v3.services.AdService"
        },
        {
          "service": "google.ads.googleads.v3.services.AgeRangeViewService"
        },
        {
          "service": "google.ads.googleads.v3.services.AssetService"
        },
        {
          "service": "google.ads.googleads.v3.services.BiddingStrategyService"
        },
        {
          "service": "google.ads.googleads.v3.services.BillingSetupService"
        },
        {
          "service": "google.ads.googleads.v3.services.CampaignAudienceViewService"
        },
        {
          "service": "google.ads.googleads.v3.services.CampaignBidModifierService"
        },
        {
          "service": "google.ads.googleads.v3.services.CampaignBudgetService"
        },
        {
          "service": "google.ads.googleads.v3.services.CampaignCriterionService"
        },
        {
          "service": "google.ads.googleads.v3.services.CampaignCriterionSimulationService"
        },
        {
          "service": "google.ads.googleads.v3.services.CampaignDraftService"
        },
        {
          "service": "google.ads.googleads.v3.services.CampaignExperimentService"
        },
        {
          "service": "google.ads.googleads.v3.services.CampaignExtensionSettingService"
        },
        {
          "service": "google.ads.googleads.v3.services.CampaignFeedService"
        },
        {
          "service": "google.ads.googleads.v3.services.CampaignLabelService"
        },
        {
          "service": "google.ads.googleads.v3.services.CampaignService"
        },
        {
          "service": "google.ads.googleads.v3.services.CampaignSharedSetService"
        },
        {
          "service": "google.ads.googleads.v3.services.CarrierConstantService"
        },
        {
          "service": "google.ads.googleads.v3.services.ChangeStatusService"
        },
        {
          "service": "google.ads.googleads.v3.services.ClickViewService"
        },
        {
          "service": "google.ads.googleads.v3.services.ConversionActionService"
        },
        {
          "service": "google.ads.googleads.v3.services.ConversionAdjustmentUploadService"
        },
        {
          "service": "google.ads.googleads.v3.services.ConversionUploadService"
        },
        {
          "service": "google.ads.googleads.v3.services.CurrencyConstantService"
        },
        {
          "service": "google.ads.googleads.v3.services.CustomInterestService"
        },
        {
          "service": "google.ads.googleads.v3.services.CustomerClientLinkService"
        },
        {
          "service": "google.ads.googleads.v3.services.CustomerClientService"
        },
        {
          "service": "google.ads.googleads.v3.services.CustomerExtensionSettingService"
        },
        {
          "service": "google.ads.googleads.v3.services.CustomerFeedService"
        },
        {
          "service": "google.ads.googleads.v3.services.CustomerLabelService"
        },
        {
          "service": "google.ads.googleads.v3.services.CustomerManagerLinkService"
        },
        {
          "service": "google.ads.googleads.v3.services.CustomerNegativeCriterionService"
        },
        {
          "service": "google.ads.googleads.v3.services.CustomerService"
        },
        {
          "service": "google.ads.googleads.v3.services.DetailPlacementViewService"
        },
        {
          "service": "google.ads.googleads.v3.services.DisplayKeywordViewService"
        },
        {
          "service": "google.ads.googleads.v3.services.DistanceViewService"
        },
        {
          "service": "google.ads.googleads.v3.services.DomainCategoryService"
        },
        {
          "service": "google.ads.googleads.v3.services.DynamicSearchAdsSearchTermViewService"
        },
        {
          "service": "google.ads.googleads.v3.services.ExpandedLandingPageViewService"
        },
        {
          "service": "google.ads.googleads.v3.services.ExtensionFeedItemService"
        },
        {
          "service": "google.ads.googleads.v3.services.FeedItemService"
        },
        {
          "service": "google.ads.googleads.v3.services.FeedItemTargetService"
        },
        {
          "service": "google.ads.googleads.v3.services.FeedMappingService"
        },
        {
          "service": "google.ads.googleads.v3.services.FeedPlaceholderViewService"
        },
        {
          "service": "google.ads.googleads.v3.services.FeedService"
        },
        {
          "service": "google.ads.googleads.v3.services.GenderViewService"
        },
        {
          "service": "google.ads.googleads.v3.services.GeoTargetConstantService"
        },
        {
          "service": "google.ads.googleads.v3.services.GeographicViewService"
        },
        {
          "service": "google.ads.googleads.v3.services.GoogleAdsFieldService"
        },
        {
          "service": "google.ads.googleads.v3.services.GoogleAdsService"
        },
        {
          "service": "google.ads.googleads.v3.services.GroupPlacementViewService"
        },
        {
          "service": "google.ads.googleads.v3.services.HotelGroupViewService"
        },
        {
          "service": "google.ads.googleads.v3.services.HotelPerformanceViewService"
        },
        {
          "service": "google.ads.googleads.v3.services.InvoiceService"
        },
        {
          "service": "google.ads.googleads.v3.services.KeywordPlanAdGroupService"
        },
        {
          "service": "google.ads.googleads.v3.services.KeywordPlanCampaignService"
        },
        {
          "service": "google.ads.googleads.v3.services.KeywordPlanIdeaService"
        },
        {
          "service": "google.ads.googleads.v3.services.KeywordPlanKeywordService"
        },
        {
          "service": "google.ads.googleads.v3.services.KeywordPlanNegativeKeywordService"
        },
        {
          "service": "google.ads.googleads.v3.services.KeywordPlanService"
        },
        {
          "service": "google.ads.googleads.v3.services.KeywordViewService"
        },
        {
          "service": "google.ads.googleads.v3.services.LabelService"
        },
        {
          "service": "google.ads.googleads.v3.services.LandingPageViewService"
        },
        {
          "service": "google.ads.googleads.v3.services.LanguageConstantService"
        },
        {
          "service": "google.ads.googleads.v3.services.LocationViewService"
        },
        {
          "service": "google.ads.googleads.v3.services.ManagedPlacementViewService"
        },
        {
          "service": "google.ads.googleads.v3.services.MediaFileService"
        },
        {
          "service": "google.ads.googleads.v3.services.MerchantCenterLinkService"
        },
        {
          "service": "google.ads.googleads.v3.services.MobileAppCategoryConstantService"
        },
        {
          "service": "google.ads.googleads.v3.services.MobileDeviceConstantService"
        },
        {
          "service": "google.ads.googleads.v3.services.MutateJobService"
        },
        {
          "service": "google.ads.googleads.v3.services.OfflineUserDataJobService"
        },
        {
          "service": "google.ads.googleads.v3.services.OperatingSystemVersionConstantService"
        },
        {
          "service": "google.ads.googleads.v3.services.PaidOrganicSearchTermViewService"
        },
        {
          "service": "google.ads.googleads.v3.services.ParentalStatusViewService"
        },
        {
          "service": "google.ads.googleads.v3.services.PaymentsAccountService"
        },
        {
          "service": "google.ads.googleads.v3.services.ProductBiddingCategoryConstantService"
        },
        {
          "service": "google.ads.googleads.v3.services.ProductGroupViewService"
        },
        {
          "service": "google.ads.googleads.v3.services.ReachPlanService"
        },
        {
          "service": "google.ads.googleads.v3.services.RecommendationService"
        },
        {
          "service": "google.ads.googleads.v3.services.RemarketingActionService"
        },
        {
          "service": "google.ads.googleads.v3.services.SearchTermViewService"
        },
        {
          "service": "google.ads.googleads.v3.services.SharedCriterionService"
        },
        {
          "service": "google.ads.googleads.v3.services.SharedSetService"
        },
        {
          "service": "google.ads.googleads.v3.services.ShoppingPerformanceViewService"
        },
        {
          "service": "google.ads.googleads.v3.services.TopicConstantService"
        },
        {
          "service": "google.ads.googleads.v3.services.TopicViewService"
        },
        {
          "service": "google.ads.googleads.v3.services.UserDataService"
        },
        {
          "service": "google.ads.googleads.v3.services.UserInterestService"
        },
        {
          "service": "google.ads.googleads.v3.services.UserListService"
        },
        {
          "service": "google.ads.googleads.v3.services.UserLocationViewService"
        },
        {
          "service": "google.ads.googleads.v3.services.VideoService"
        }
      ],
      "timeout": "3600s",
      "retryPolicy": {
        "initialBackoff": "5s",
        "maxBackoff": "60s",
        "backoffMultiplier": 1.3,
        "retryableStatusCodes": [
          "UNAVAILABLE",
          "DEADLINE_EXCEEDED"
        ]
      }
    }
  ]
}
